<?xml version="1.0" encoding="UTF-8"?>
<project-private xmlns="http://www.netbeans.org/ns/project-private/1">
    <editor-bookmarks xmlns="http://www.netbeans.org/ns/editor-bookmarks/2" lastBookmarkId="0"/>
    <open-files xmlns="http://www.netbeans.org/ns/projectui-open-files/2">
        <group>
            <file>file:/C:/Users/User/Documents/NetBeansProjects/AplikasiKasir_Ujikom/src/aplikasikasir_ujikom/MenuUtama.java</file>
            <file>file:/C:/Users/User/Documents/NetBeansProjects/AplikasiKasir_Ujikom/src/aplikasikasir_ujikom/FormRegister.java</file>
            <file>file:/C:/Users/User/Documents/NetBeansProjects/AplikasiKasir_Ujikom/src/aplikasikasir_ujikom/FormPenjualan.java</file>
            <file>file:/C:/Users/User/Documents/NetBeansProjects/AplikasiKasir_Ujikom/src/aplikasikasir_ujikom/FormProduk.java</file>
            <file>file:/C:/Users/User/Documents/NetBeansProjects/AplikasiKasir_Ujikom/src/aplikasikasir_ujikom/Koneksi.java</file>
            <file>file:/C:/Users/User/Documents/NetBeansProjects/AplikasiKasir_Ujikom/src/aplikasikasir_ujikom/FormPelanggan.java</file>
            <file>file:/C:/Users/User/Documents/NetBeansProjects/AplikasiKasir_Ujikom/src/aplikasikasir_ujikom/FomPelanggan.java</file>
        </group>
    </open-files>
</project-private>
